Date,Transmitter,Receiver,latitude,longitude,station,Arrival,Departure,Detections,residencetime
2016-10-19,A69-1601-52644,VR2W-112297,51.00164,3.85695,s-Wetteren,2016-10-19T23:44:00Z,2016-10-19T23:48:00Z,4,240
2016-10-19,A69-1601-52644,VR2W-112287,51.00588,3.77876,s-2,2016-10-19T16:07:00Z,2016-10-19T19:12:00Z,54,11100
2016-10-20,A69-1601-52644,VR2W-122322,51.02032,3.96965,s-2a,2016-10-20T13:18:00Z,2016-10-20T13:23:00Z,3,300
2016-10-20,A69-1601-52644,VR2W-122322,51.02032,3.96965,s-2a,2016-10-20T02:21:00Z,2016-10-20T02:29:00Z,5,480
2016-10-20,A69-1601-52644,VR2W-115438,51.0168,3.92527,s-Wichelen,2016-10-20T01:01:00Z,2016-10-20T01:09:00Z,6,480
2016-10-20,A69-1601-52644,VR2W-122322,51.02032,3.96965,s-2a,2016-10-20T05:52:00Z,2016-10-20T06:00:00Z,5,480
2016-10-21,A69-1601-52644,VR2W-122322,51.02032,3.96965,s-2a,2016-10-21T21:41:00Z,2016-10-21T22:20:00Z,18,2340
2016-10-22,A69-1601-52644,VR2W-122325,51.0434,4.04783,s-3,2016-10-22T00:44:00Z,2016-10-22T00:57:00Z,8,780
2016-10-22,A69-1601-52644,VR2W-112292,51.03855,4.1175,s-Dendermonde,2016-10-22T19:28:00Z,2016-10-22T19:29:00Z,2,60
2016-10-22,A69-1601-52644,VR2W-115444,51.03955,4.16605,s-Vlassenbroek,2016-10-22T16:07:00Z,2016-10-22T16:13:00Z,4,360
2016-10-22,A69-1601-52644,VR2W-113521,51.04231,4.0945,s-4,2016-10-22T01:54:00Z,2016-10-22T02:00:00Z,5,360
2016-10-22,A69-1601-52644,VR2W-113521,51.04231,4.0945,s-4,2016-10-22T19:58:00Z,2016-10-22T19:59:00Z,2,60
2016-10-22,A69-1601-52644,VR2W-112292,51.03855,4.1175,s-Dendermonde,2016-10-22T02:29:00Z,2016-10-22T02:36:00Z,7,420
2016-10-22,A69-1601-52644,VR2W-122325,51.0434,4.04783,s-3,2016-10-22T20:47:00Z,2016-10-22T20:56:00Z,3,540
2016-10-23,A69-1601-52644,VR2W-112292,51.03855,4.1175,s-Dendermonde,2016-10-23T02:09:00Z,2016-10-23T02:19:00Z,7,600
2016-10-23,A69-1601-52644,VR2W-122325,51.0434,4.04783,s-3,2016-10-23T08:55:00Z,2016-10-23T08:58:00Z,3,180
2016-10-23,A69-1601-52644,VR2W-113521,51.04231,4.0945,s-4,2016-10-23T07:47:00Z,2016-10-23T07:59:00Z,7,720
2016-10-23,A69-1601-52644,VR2W-112292,51.03855,4.1175,s-Dendermonde,2016-10-23T07:02:00Z,2016-10-23T07:26:00Z,15,1440
2016-10-23,A69-1601-52644,VR2W-113521,51.04231,4.0945,s-4,2016-10-23T01:38:00Z,2016-10-23T01:41:00Z,4,180
2016-10-23,A69-1601-52644,VR2W-122325,51.0434,4.04783,s-3,2016-10-23T00:31:00Z,2016-10-23T00:51:00Z,12,1200
2016-10-24,A69-1601-52644,VR2W-122322,51.02032,3.96965,s-2a,2016-10-24T19:56:00Z,2016-10-24T19:56:00Z,1,30
2016-10-24,A69-1601-52644,VR2W-122322,51.02032,3.96965,s-2a,2016-10-24T09:35:00Z,2016-10-24T09:45:00Z,8,600
2016-10-25,A69-1601-52644,VR2W-122322,51.02032,3.96965,s-2a,2016-10-25T00:58:00Z,2016-10-25T01:00:00Z,2,120
2016-10-25,A69-1601-52644,VR2W-122322,51.02032,3.96965,s-2a,2016-10-25T21:18:00Z,2016-10-25T21:20:00Z,2,120
2016-10-26,A69-1601-52644,VR2W-122325,51.0434,4.04783,s-3,2016-10-26T20:34:00Z,2016-10-26T20:51:00Z,12,1020
2016-10-26,A69-1601-52644,VR2W-122322,51.02032,3.96965,s-2a,2016-10-26T17:38:00Z,2016-10-26T17:46:00Z,6,480
2016-10-26,A69-1601-52644,VR2W-122325,51.0434,4.04783,s-3,2016-10-26T22:39:00Z,2016-10-26T23:02:00Z,15,1380
2016-10-26,A69-1601-52644,VR2W-122322,51.02032,3.96965,s-2a,2016-10-26T02:08:00Z,2016-10-26T02:08:00Z,1,30
2016-10-27,A69-1601-52644,VR2W-122322,51.02032,3.96965,s-2a,2016-10-27T18:03:00Z,2016-10-27T18:15:00Z,7,720
2016-10-27,A69-1601-52644,VR2W-122325,51.0434,4.04783,s-3,2016-10-27T20:46:00Z,2016-10-27T20:52:00Z,5,360
2016-10-27,A69-1601-52644,VR2W-115438,51.0168,3.92527,s-Wichelen,2016-10-27T02:24:00Z,2016-10-27T02:31:00Z,6,420
2016-10-27,A69-1601-52644,VR2W-113521,51.04231,4.0945,s-4,2016-10-27T21:54:00Z,2016-10-27T23:13:00Z,17,4740
2016-10-27,A69-1601-52644,VR2W-112297,51.00164,3.85695,s-Wetteren,2016-10-27T04:01:00Z,2016-10-27T04:23:00Z,16,1320
2016-10-27,A69-1601-52644,VR2W-115438,51.0168,3.92527,s-Wichelen,2016-10-27T05:49:00Z,2016-10-27T06:03:00Z,9,840
2016-10-27,A69-1601-52644,VR2W-122322,51.02032,3.96965,s-2a,2016-10-27T01:24:00Z,2016-10-27T01:27:00Z,3,180
2016-10-28,A69-1601-52644,VR2W-115438,51.0168,3.92527,s-Wichelen,2016-10-28T04:02:00Z,2016-10-28T04:13:00Z,7,660
2016-10-28,A69-1601-52644,VR2W-122325,51.0434,4.04783,s-3,2016-10-28T20:50:00Z,2016-10-28T21:01:00Z,6,660
2016-10-28,A69-1601-52644,VR2W-122325,51.0434,4.04783,s-3,2016-10-28T00:14:00Z,2016-10-28T00:41:00Z,17,1620
2016-10-28,A69-1601-52644,VR2W-122322,51.02032,3.96965,s-2a,2016-10-28T02:49:00Z,2016-10-28T02:52:00Z,3,180
2016-10-28,A69-1601-52644,VR2W-115438,51.0168,3.92527,s-Wichelen,2016-10-28T05:28:00Z,2016-10-28T05:40:00Z,10,720
2016-10-28,A69-1601-52644,VR2W-112292,51.03855,4.1175,s-Dendermonde,2016-10-28T22:28:00Z,2016-10-28T23:24:00Z,39,3360
2016-10-28,A69-1601-52644,VR2W-122322,51.02032,3.96965,s-2a,2016-10-28T18:10:00Z,2016-10-28T18:20:00Z,8,600
2016-10-28,A69-1601-52644,VR2W-113521,51.04231,4.0945,s-4,2016-10-28T21:54:00Z,2016-10-28T22:04:00Z,5,600
2016-10-29,A69-1601-52644,VR2W-115438,51.0168,3.92527,s-Wichelen,2016-10-29T05:08:00Z,2016-10-29T05:30:00Z,8,1320
2016-10-29,A69-1601-52644,VR2W-113521,51.04231,4.0945,s-4,2016-10-29T22:48:00Z,2016-10-29T22:56:00Z,4,480
2016-10-29,A69-1601-52644,VR2W-122325,51.0434,4.04783,s-3,2016-10-29T01:26:00Z,2016-10-29T01:37:00Z,7,660
2016-10-29,A69-1601-52644,VR2W-122322,51.02032,3.96965,s-2a,2016-10-29T03:45:00Z,2016-10-29T03:47:00Z,2,120
2016-10-29,A69-1601-52644,VR2W-122325,51.0434,4.04783,s-3,2016-10-29T21:47:00Z,2016-10-29T21:55:00Z,7,480
2016-10-29,A69-1601-52644,VR2W-122322,51.02032,3.96965,s-2a,2016-10-29T18:54:00Z,2016-10-29T19:07:00Z,8,780
2016-10-29,A69-1601-52644,VR2W-113521,51.04231,4.0945,s-4,2016-10-28T23:52:00Z,2016-10-29T00:15:00Z,16,1380
2016-10-30,A69-1601-52644,VR2W-122325,51.0434,4.04783,s-3,2016-10-30T02:17:00Z,2016-10-30T02:32:00Z,9,900
2016-10-30,A69-1601-52644,VR2W-122322,51.02032,3.96965,s-2a,2016-10-30T19:59:00Z,2016-10-30T20:11:00Z,8,720
2016-10-30,A69-1601-52644,VR2W-112292,51.03855,4.1175,s-Dendermonde,2016-10-29T23:25:00Z,2016-10-30T00:16:00Z,33,3060
2016-10-30,A69-1601-52644,VR2W-122322,51.02032,3.96965,s-2a,2016-10-30T04:32:00Z,2016-10-30T04:38:00Z,4,360
2016-10-30,A69-1601-52644,VR2W-113521,51.04231,4.0945,s-4,2016-10-30T00:43:00Z,2016-10-30T01:12:00Z,16,1740
2016-10-30,A69-1601-52644,VR2W-122325,51.0434,4.04783,s-3,2016-10-30T22:47:00Z,2016-10-30T23:05:00Z,10,1080
2016-10-30,A69-1601-52644,VR2W-122322,51.02032,3.96965,s-2a,2016-10-30T18:25:00Z,2016-10-30T18:39:00Z,3,840
2016-10-31,A69-1601-52644,VR2W-122322,51.02032,3.96965,s-2a,2016-10-31T23:19:00Z,2016-10-31T23:31:00Z,8,720
2016-10-31,A69-1601-52644,VR2W-115438,51.0168,3.92527,s-Wichelen,2016-10-31T21:47:00Z,2016-10-31T22:01:00Z,10,840
2016-10-31,A69-1601-52644,VR2W-122322,51.02032,3.96965,s-2a,2016-10-31T04:48:00Z,2016-10-31T04:50:00Z,2,120
2016-10-31,A69-1601-52644,VR2W-112297,51.00164,3.85695,s-Wetteren,2016-10-31T17:21:00Z,2016-10-31T17:26:00Z,5,300
2016-10-31,A69-1601-52644,VR2W-112297,51.00164,3.85695,s-Wetteren,2016-10-31T20:14:00Z,2016-10-31T20:22:00Z,7,480
2016-10-31,A69-1601-52644,VR2W-113521,51.04231,4.0945,s-4,2016-10-31T00:00:00Z,2016-10-31T01:01:00Z,28,3660
2016-10-31,A69-1601-52644,VR2W-122325,51.0434,4.04783,s-3,2016-10-31T02:19:00Z,2016-10-31T02:41:00Z,16,1320
2016-10-31,A69-1601-52644,VR2W-115438,51.0168,3.92527,s-Wichelen,2016-10-31T06:00:00Z,2016-10-31T06:10:00Z,7,600
2016-11-01,A69-1601-52644,VR2W-122325,51.0434,4.04783,s-3,2016-11-01T22:52:00Z,2016-11-01T23:00:00Z,7,480
2016-11-01,A69-1601-52644,VR2W-115438,51.0168,3.92527,s-Wichelen,2016-11-01T05:15:00Z,2016-11-01T05:20:00Z,4,300
2016-11-01,A69-1601-52644,VR2W-122322,51.02032,3.96965,s-2a,2016-11-01T04:06:00Z,2016-11-01T04:07:00Z,2,60
2016-11-01,A69-1601-52644,VR2W-115438,51.0168,3.92527,s-Wichelen,2016-11-01T09:19:00Z,2016-11-01T09:38:00Z,12,1140
2016-11-01,A69-1601-52644,VR2W-122322,51.02032,3.96965,s-2a,2016-11-01T19:52:00Z,2016-11-01T20:10:00Z,9,1080
2016-11-02,A69-1601-52644,VR2W-113521,51.04231,4.0945,s-4,2016-11-02T02:14:00Z,2016-11-02T02:36:00Z,15,1320
2016-11-02,A69-1601-52644,VR2W-122322,51.02032,3.96965,s-2a,2016-11-02T23:06:00Z,2016-11-02T23:14:00Z,4,480
2016-11-02,A69-1601-52644,VR2W-112292,51.03855,4.1175,s-Dendermonde,2016-11-02T00:36:00Z,2016-11-02T01:40:00Z,34,3840
2016-11-02,A69-1601-52644,VR2W-122322,51.02032,3.96965,s-2a,2016-11-02T06:05:00Z,2016-11-02T06:15:00Z,6,600
2016-11-02,A69-1601-52644,VR2W-115438,51.0168,3.92527,s-Wichelen,2016-11-02T18:05:00Z,2016-11-02T18:11:00Z,5,360
2016-11-02,A69-1601-52644,VR2W-122325,51.0434,4.04783,s-3,2016-11-02T03:44:00Z,2016-11-02T03:56:00Z,9,720
2016-11-02,A69-1601-52644,VR2W-115438,51.0168,3.92527,s-Wichelen,2016-11-02T21:29:00Z,2016-11-02T21:41:00Z,10,720
2016-11-02,A69-1601-52644,VR2W-113521,51.04231,4.0945,s-4,2016-11-02T00:00:00Z,2016-11-02T00:08:00Z,4,480
2016-11-02,A69-1601-52644,VR2W-112297,51.00164,3.85695,s-Wetteren,2016-11-02T19:47:00Z,2016-11-02T20:06:00Z,14,1140
2016-11-03,A69-1601-52644,VR2W-115438,51.0168,3.92527,s-Wichelen,2016-11-03T09:04:00Z,2016-11-03T09:50:00Z,13,2760
2016-11-03,A69-1601-52644,VR2W-122322,51.02032,3.96965,s-2a,2016-11-03T11:03:00Z,2016-11-03T11:17:00Z,9,840
2016-11-03,A69-1601-52644,VR2W-115438,51.0168,3.92527,s-Wichelen,2016-11-03T19:27:00Z,2016-11-03T19:47:00Z,14,1200
2016-11-03,A69-1601-52644,VR2W-122322,51.02032,3.96965,s-2a,2016-11-03T18:06:00Z,2016-11-03T18:15:00Z,6,540
2016-11-03,A69-1601-52644,VR2W-122325,51.0434,4.04783,s-3,2016-11-03T14:15:00Z,2016-11-03T14:58:00Z,24,2580
2016-11-03,A69-1601-52644,VR2W-115438,51.0168,3.92527,s-Wichelen,2016-11-03T06:46:00Z,2016-11-03T06:57:00Z,9,660
2016-11-03,A69-1601-52644,VR2W-122325,51.0434,4.04783,s-3,2016-11-03T01:43:00Z,2016-11-03T02:34:00Z,38,3060
2016-11-03,A69-1601-52644,VR2W-115438,51.0168,3.92527,s-Wichelen,2016-11-03T20:52:00Z,2016-11-03T21:11:00Z,12,1140
2016-11-03,A69-1601-52644,VR2W-122322,51.02032,3.96965,s-2a,2016-11-03T22:35:00Z,2016-11-03T22:53:00Z,12,1080
2016-11-03,A69-1601-52644,VR2W-122322,51.02032,3.96965,s-2a,2016-11-03T05:33:00Z,2016-11-03T05:37:00Z,3,240
2016-11-04,A69-1601-52644,VR2W-122325,51.0434,4.04783,s-3,2016-11-04T03:20:00Z,2016-11-04T03:57:00Z,26,2220
2016-11-04,A69-1601-52644,VR2W-122322,51.02032,3.96965,s-2a,2016-11-04T20:59:00Z,2016-11-04T21:20:00Z,15,1260
2016-11-04,A69-1601-52644,VR2W-122322,51.02032,3.96965,s-2a,2016-11-04T06:28:00Z,2016-11-04T06:36:00Z,7,480
2016-11-04,A69-1601-52644,VR2W-122325,51.0434,4.04783,s-3,2016-11-04T01:40:00Z,2016-11-04T01:59:00Z,12,1140
2016-11-05,A69-1601-52644,VR2W-122325,51.0434,4.04783,s-3,2016-11-05T05:25:00Z,2016-11-05T05:37:00Z,7,720
2016-11-05,A69-1601-52644,VR2W-112292,51.03855,4.1175,s-Dendermonde,2016-11-05T01:58:00Z,2016-11-05T03:30:00Z,29,5520
2016-11-05,A69-1601-52644,VR2W-112297,51.00164,3.85695,s-Wetteren,2016-11-05T19:49:00Z,2016-11-05T19:53:00Z,4,240
2016-11-05,A69-1601-52644,VR2W-122325,51.0434,4.04783,s-3,2016-11-05T00:02:00Z,2016-11-05T00:18:00Z,10,960
2016-11-05,A69-1601-52644,VR2W-115438,51.0168,3.92527,s-Wichelen,2016-11-05T18:19:00Z,2016-11-05T18:29:00Z,8,600
2016-11-05,A69-1601-52644,VR2W-112297,51.00164,3.85695,s-Wetteren,2016-11-05T23:27:00Z,2016-11-05T23:36:00Z,7,540
2016-11-05,A69-1601-52644,VR2W-122322,51.02032,3.96965,s-2a,2016-11-05T07:55:00Z,2016-11-05T08:05:00Z,7,600
2016-11-05,A69-1601-52644,VR2W-113521,51.04231,4.0945,s-4,2016-11-05T04:00:00Z,2016-11-05T04:24:00Z,13,1440
2016-11-05,A69-1601-52644,VR2W-113521,51.04231,4.0945,s-4,2016-11-05T01:14:00Z,2016-11-05T01:23:00Z,5,540
2016-11-06,A69-1601-52644,VR2W-115438,51.0168,3.92527,s-Wichelen,2016-11-06T13:13:00Z,2016-11-06T13:31:00Z,11,1080
2016-11-06,A69-1601-52644,VR2W-112297,51.00164,3.85695,s-Wetteren,2016-11-06T11:18:00Z,2016-11-06T11:26:00Z,6,480
2016-11-06,A69-1601-52644,VR2W-122322,51.02032,3.96965,s-2a,2016-11-06T17:53:00Z,2016-11-06T18:08:00Z,9,900
2016-11-06,A69-1601-52644,VR2W-122322,51.02032,3.96965,s-2a,2016-11-06T02:50:00Z,2016-11-06T03:03:00Z,7,780
2016-11-06,A69-1601-52644,VR2W-112297,51.00164,3.85695,s-Wetteren,2016-11-06T21:13:00Z,2016-11-06T22:36:00Z,22,4980
2016-11-06,A69-1601-52644,VR2W-115438,51.0168,3.92527,s-Wichelen,2016-11-06T19:35:00Z,2016-11-06T19:45:00Z,8,600
2016-11-06,A69-1601-52644,VR2W-122322,51.02032,3.96965,s-2a,2016-11-06T04:14:00Z,2016-11-06T04:38:00Z,16,1440
2016-11-06,A69-1601-52644,VR2W-115438,51.0168,3.92527,s-Wichelen,2016-11-06T01:13:00Z,2016-11-06T01:26:00Z,9,780
2016-11-06,A69-1601-52644,VR2W-122322,51.02032,3.96965,s-2a,2016-11-06T15:02:00Z,2016-11-06T15:13:00Z,8,660
2016-11-06,A69-1601-52644,VR2W-112297,51.00164,3.85695,s-Wetteren,2016-11-06T07:48:00Z,2016-11-06T07:55:00Z,6,420
2016-11-06,A69-1601-52644,VR2W-115438,51.0168,3.92527,s-Wichelen,2016-11-06T06:07:00Z,2016-11-06T06:21:00Z,11,840
2016-11-07,A69-1601-52644,VR2W-122322,51.02032,3.96965,s-2a,2016-11-07T08:54:00Z,2016-11-07T10:21:00Z,35,5220
2016-11-07,A69-1601-52644,VR2W-122322,51.02032,3.96965,s-2a,2016-11-07T17:24:00Z,2016-11-07T18:53:00Z,7,5340
2016-11-07,A69-1601-52644,VR2W-115438,51.0168,3.92527,s-Wichelen,2016-11-07T00:23:00Z,2016-11-07T00:41:00Z,13,1080
2016-11-07,A69-1601-52644,VR2W-122322,51.02032,3.96965,s-2a,2016-11-07T06:37:00Z,2016-11-07T06:53:00Z,10,960
2016-11-07,A69-1601-52644,VR2W-122322,51.02032,3.96965,s-2a,2016-11-07T02:09:00Z,2016-11-07T02:23:00Z,12,840
2016-11-07,A69-1601-52644,VR2W-122322,51.02032,3.96965,s-2a,2016-11-07T21:27:00Z,2016-11-07T21:27:00Z,1,30
2016-11-07,A69-1601-52644,VR2W-122322,51.02032,3.96965,s-2a,2016-11-07T23:30:00Z,2016-11-07T23:48:00Z,9,1080
2016-11-08,A69-1601-52644,VR2W-122325,51.0434,4.04783,s-3,2016-11-08T14:30:00Z,2016-11-08T14:53:00Z,15,1380
2016-11-08,A69-1601-52644,VR2W-113521,51.04231,4.0945,s-4,2016-11-08T05:13:00Z,2016-11-08T05:44:00Z,17,1860
2016-11-08,A69-1601-52644,VR2W-122325,51.0434,4.04783,s-3,2016-11-08T07:04:00Z,2016-11-08T07:24:00Z,15,1200
2016-11-08,A69-1601-52644,VR2W-122322,51.02032,3.96965,s-2a,2016-11-08T10:12:00Z,2016-11-08T11:32:00Z,27,4800
2016-11-08,A69-1601-52644,VR2W-112292,51.03855,4.1175,s-Dendermonde,2016-11-08T17:53:00Z,2016-11-08T18:23:00Z,18,1800
2016-11-08,A69-1601-52644,VR2W-112292,51.03855,4.1175,s-Dendermonde,2016-11-08T04:33:00Z,2016-11-08T04:40:00Z,4,420
2016-11-08,A69-1601-52644,VR2W-112292,51.03855,4.1175,s-Dendermonde,2016-11-08T16:29:00Z,2016-11-08T16:45:00Z,10,960
2016-11-08,A69-1601-52644,VR2W-122325,51.0434,4.04783,s-3,2016-11-08T02:37:00Z,2016-11-08T02:52:00Z,11,900
2016-11-08,A69-1601-52644,VR2W-113521,51.04231,4.0945,s-4,2016-11-08T15:45:00Z,2016-11-08T15:58:00Z,8,780
2016-11-08,A69-1601-52644,VR2W-122325,51.0434,4.04783,s-3,2016-11-08T20:02:00Z,2016-11-08T20:27:00Z,13,1500
2016-11-08,A69-1601-52644,VR2W-113521,51.04231,4.0945,s-4,2016-11-08T03:43:00Z,2016-11-08T03:57:00Z,9,840
2016-11-08,A69-1601-52644,VR2W-113521,51.04231,4.0945,s-4,2016-11-08T18:44:00Z,2016-11-08T19:03:00Z,13,1140
2016-11-09,A69-1601-52644,VR2W-113521,51.04231,4.0945,s-4,2016-11-09T07:41:00Z,2016-11-09T08:05:00Z,17,1440
2016-11-09,A69-1601-52644,VR2W-113521,51.04231,4.0945,s-4,2016-11-09T04:09:00Z,2016-11-09T04:14:00Z,4,300
2016-11-09,A69-1601-52644,VR2W-122325,51.0434,4.04783,s-3,2016-11-09T22:13:00Z,2016-11-09T22:24:00Z,7,660
2016-11-09,A69-1601-52644,VR2W-122325,51.0434,4.04783,s-3,2016-11-09T14:32:00Z,2016-11-09T14:45:00Z,6,780
2016-11-09,A69-1601-52644,VR2W-113521,51.04231,4.0945,s-4,2016-11-09T21:11:00Z,2016-11-09T21:19:00Z,7,480
2016-11-09,A69-1601-52644,VR2W-112292,51.03855,4.1175,s-Dendermonde,2016-11-09T06:53:00Z,2016-11-09T07:13:00Z,12,1200
2016-11-09,A69-1601-52644,VR2W-122325,51.0434,4.04783,s-3,2016-11-09T02:56:00Z,2016-11-09T03:18:00Z,13,1320
2016-11-09,A69-1601-52644,VR2W-122322,51.02032,3.96965,s-2a,2016-11-08T23:02:00Z,2016-11-09T00:07:00Z,45,3900
2016-11-09,A69-1601-52644,VR2W-113521,51.04231,4.0945,s-4,2016-11-09T15:45:00Z,2016-11-09T15:50:00Z,4,300
2016-11-09,A69-1601-52644,VR2W-112292,51.03855,4.1175,s-Dendermonde,2016-11-09T04:47:00Z,2016-11-09T04:58:00Z,8,660
2016-11-09,A69-1601-52644,VR2W-112292,51.03855,4.1175,s-Dendermonde,2016-11-09T16:32:00Z,2016-11-09T16:39:00Z,6,420
2016-11-09,A69-1601-52644,VR2W-122325,51.0434,4.04783,s-3,2016-11-09T09:17:00Z,2016-11-09T09:29:00Z,7,720
2016-11-09,A69-1601-52644,VR2W-112292,51.03855,4.1175,s-Dendermonde,2016-11-09T20:29:00Z,2016-11-09T20:45:00Z,10,960
2016-11-10,A69-1601-52644,VR2W-122367,51.05593,4.20024,s-4b,2016-11-10T19:27:00Z,2016-11-10T20:06:00Z,17,2340
2016-11-10,A69-1601-52644,VR2W-122325,51.0434,4.04783,s-3,2016-11-10T12:33:00Z,2016-11-10T13:16:00Z,24,2580
2016-11-10,A69-1601-52644,VR2W-122363,51.03203,4.18166,s-4a,2016-11-10T17:32:00Z,2016-11-10T17:47:00Z,7,900
2016-11-10,A69-1601-52644,VR2W-112292,51.03855,4.1175,s-Dendermonde,2016-11-10T10:15:00Z,2016-11-10T10:36:00Z,11,1260
2016-11-10,A69-1601-52644,VR2W-112292,51.03855,4.1175,s-Dendermonde,2016-11-10T23:36:00Z,2016-11-10T23:39:00Z,3,180
2016-11-10,A69-1601-52644,VR2W-122367,51.05593,4.20024,s-4b,2016-11-10T18:33:00Z,2016-11-10T18:50:00Z,12,1020
2016-11-10,A69-1601-52644,VR2W-112292,51.03855,4.1175,s-Dendermonde,2016-11-10T15:00:00Z,2016-11-10T15:10:00Z,6,600
2016-11-10,A69-1601-52644,VR2W-122336,51.07363,4.19007,s-4c,2016-11-10T19:20:00Z,2016-11-10T19:20:00Z,1,30
2016-11-10,A69-1601-52644,VR2W-113521,51.04231,4.0945,s-4,2016-11-10T14:19:00Z,2016-11-10T14:26:00Z,6,420
2016-11-10,A69-1601-52644,VR2W-122363,51.03203,4.18166,s-4a,2016-11-10T06:36:00Z,2016-11-10T07:11:00Z,21,2100
2016-11-10,A69-1601-52644,VR2W-115444,51.03955,4.16605,s-Vlassenbroek,2016-11-10T07:33:00Z,2016-11-10T07:43:00Z,4,600
2016-11-10,A69-1601-52644,VR2W-113521,51.04231,4.0945,s-4,2016-11-10T03:34:00Z,2016-11-10T03:43:00Z,5,540
2016-11-10,A69-1601-52644,VR2W-122363,51.03203,4.18166,s-4a,2016-11-10T21:00:00Z,2016-11-10T21:07:00Z,6,420
2016-11-10,A69-1601-52644,VR2W-113521,51.04231,4.0945,s-4,2016-11-10T11:09:00Z,2016-11-10T11:21:00Z,9,720
2016-11-10,A69-1601-52644,VR2W-112292,51.03855,4.1175,s-Dendermonde,2016-11-10T04:08:00Z,2016-11-10T04:23:00Z,11,900
2016-11-10,A69-1601-52644,VR2W-122325,51.0434,4.04783,s-3,2016-11-10T02:32:00Z,2016-11-10T02:49:00Z,11,1020
2016-11-11,A69-1601-52644,VR2W-113521,51.04231,4.0945,s-4,2016-11-11T03:32:00Z,2016-11-11T03:40:00Z,6,480
2016-11-11,A69-1601-52644,VR2W-112292,51.03855,4.1175,s-Dendermonde,2016-11-11T04:15:00Z,2016-11-11T04:22:00Z,5,420
2016-11-11,A69-1601-52644,VR2W-112292,51.03855,4.1175,s-Dendermonde,2016-11-11T12:32:00Z,2016-11-11T12:35:00Z,2,180
2016-11-11,A69-1601-52644,VR2W-122325,51.0434,4.04783,s-3,2016-11-11T01:23:00Z,2016-11-11T02:43:00Z,54,4800
2016-11-11,A69-1601-52644,VR2W-122363,51.03203,4.18166,s-4a,2016-11-11T06:45:00Z,2016-11-11T06:50:00Z,3,300
2016-11-11,A69-1601-52644,VR2W-115444,51.03955,4.16605,s-Vlassenbroek,2016-11-11T06:22:00Z,2016-11-11T06:23:00Z,2,60
2016-11-11,A69-1601-52644,VR2W-122363,51.03203,4.18166,s-4a,2016-11-11T09:36:00Z,2016-11-11T09:53:00Z,10,1020
2016-11-11,A69-1601-52644,VR2W-122363,51.03203,4.18166,s-4a,2016-11-11T18:11:00Z,2016-11-11T18:15:00Z,4,240
2016-11-11,A69-1601-52644,VR2W-122367,51.05593,4.20024,s-4b,2016-11-11T07:32:00Z,2016-11-11T08:39:00Z,43,4020
2016-11-11,A69-1601-52644,VR2W-115444,51.03955,4.16605,s-Vlassenbroek,2016-11-11T10:12:00Z,2016-11-11T10:13:00Z,2,60
2016-11-11,A69-1601-52644,VR2W-112292,51.03855,4.1175,s-Dendermonde,2016-11-11T15:37:00Z,2016-11-11T15:48:00Z,8,660
2016-11-11,A69-1601-52644,VR2W-122367,51.05593,4.20024,s-4b,2016-11-11T22:10:00Z,2016-11-11T22:29:00Z,12,1140
2016-11-11,A69-1601-52644,VR2W-113521,51.04231,4.0945,s-4,2016-11-11T00:11:00Z,2016-11-11T00:14:00Z,2,180
2016-11-11,A69-1601-52644,VR2W-122336,51.07363,4.19007,s-4c,2016-11-11T19:39:00Z,2016-11-11T19:56:00Z,20,1020
2016-11-11,A69-1601-52644,VR2W-122367,51.05593,4.20024,s-4b,2016-11-11T19:01:00Z,2016-11-11T19:10:00Z,6,540
2016-11-11,A69-1601-52644,VR2W-122363,51.03203,4.18166,s-4a,2016-11-11T23:33:00Z,2016-11-11T23:35:00Z,3,120
2016-11-11,A69-1601-52644,VR2W-122336,51.07363,4.19007,s-4c,2016-11-11T21:03:00Z,2016-11-11T21:46:00Z,44,2580
2016-11-11,A69-1601-52644,VR2W-113521,51.04231,4.0945,s-4,2016-11-11T14:50:00Z,2016-11-11T15:07:00Z,6,1020
2016-11-11,A69-1601-52644,VR2W-113521,51.04231,4.0945,s-4,2016-11-11T13:01:00Z,2016-11-11T13:17:00Z,9,960
2016-11-12,A69-1601-52644,VR2W-122367,51.05593,4.20024,s-4b,2016-11-12T23:18:00Z,2016-11-12T23:35:00Z,8,1020
2016-11-12,A69-1601-52644,VR2W-122336,51.07363,4.19007,s-4c,2016-11-12T22:23:00Z,2016-11-12T22:55:00Z,33,1920
2016-11-12,A69-1601-52644,VR2W-122367,51.05593,4.20024,s-4b,2016-11-12T18:47:00Z,2016-11-12T18:56:00Z,7,540
2016-11-12,A69-1601-52644,VR2W-115430,51.09258,4.17083,s-5,2016-11-12T21:47:00Z,2016-11-12T21:50:00Z,3,180
2016-11-12,A69-1601-52644,VR2W-112292,51.03855,4.1175,s-Dendermonde,2016-11-12T14:32:00Z,2016-11-12T15:25:00Z,36,3180
2016-11-12,A69-1601-52644,VR2W-122336,51.07363,4.19007,s-4c,2016-11-12T19:31:00Z,2016-11-12T19:59:00Z,22,1680
2016-11-12,A69-1601-52644,VR2W-122363,51.03203,4.18166,s-4a,2016-11-12T18:00:00Z,2016-11-12T18:03:00Z,3,180
2016-11-12,A69-1601-52644,VR2W-115430,51.09258,4.17083,s-5,2016-11-12T20:29:00Z,2016-11-12T20:30:00Z,2,60
2016-11-12,A69-1601-52644,VR2W-122363,51.03203,4.18166,s-4a,2016-11-12T12:13:00Z,2016-11-12T12:20:00Z,4,420
2016-11-12,A69-1601-52644,VR2W-122367,51.05593,4.20024,s-4b,2016-11-12T07:30:00Z,2016-11-12T07:39:00Z,7,540
2016-11-12,A69-1601-52644,VR2W-122339,51.07363,4.19007,s-4c,2016-11-12T09:37:00Z,2016-11-12T10:22:00Z,33,2700
2016-11-12,A69-1601-52644,VR2W-122367,51.05593,4.20024,s-4b,2016-11-12T10:49:00Z,2016-11-12T11:16:00Z,18,1620
2016-11-12,A69-1601-52644,VR2W-112292,51.03855,4.1175,s-Dendermonde,2016-11-12T01:36:00Z,2016-11-12T01:52:00Z,8,960
2016-11-12,A69-1601-52644,VR2W-122363,51.03203,4.18166,s-4a,2016-11-12T06:37:00Z,2016-11-12T06:44:00Z,4,420
2016-11-12,A69-1601-52644,VR2W-122336,51.07363,4.19007,s-4c,2016-11-12T08:07:00Z,2016-11-12T08:31:00Z,26,1440
2016-11-12,A69-1601-52644,VR2W-113521,51.04231,4.0945,s-4,2016-11-12T02:11:00Z,2016-11-12T03:33:00Z,31,4920
2016-11-12,A69-1601-52644,VR2W-112292,51.03855,4.1175,s-Dendermonde,2016-11-12T04:07:00Z,2016-11-12T04:16:00Z,7,540
2016-11-13,A69-1601-52644,VR2W-122363,51.03203,4.18166,s-4a,2016-11-13T00:17:00Z,2016-11-13T00:20:00Z,3,180
2016-11-13,A69-1601-52644,VR2W-113521,51.04231,4.0945,s-4,2016-11-13T14:09:00Z,2016-11-13T14:09:00Z,1,30
2016-11-13,A69-1601-52644,VR2W-112292,51.03855,4.1175,s-Dendermonde,2016-11-13T13:37:00Z,2016-11-13T13:42:00Z,4,300
2016-11-13,A69-1601-52644,VR2W-122325,51.0434,4.04783,s-3,2016-11-13T15:02:00Z,2016-11-13T15:11:00Z,4,540
2016-11-13,A69-1601-52644,VR2W-122363,51.03203,4.18166,s-4a,2016-11-13T10:38:00Z,2016-11-13T11:00:00Z,13,1320
2016-11-13,A69-1601-52644,VR2W-115444,51.03955,4.16605,s-Vlassenbroek,2016-11-13T11:17:00Z,2016-11-13T11:17:00Z,1,30
2016-11-13,A69-1601-52644,VR2W-122367,51.05593,4.20024,s-4b,2016-11-13T22:08:00Z,2016-11-13T23:05:00Z,32,3420
2016-11-13,A69-1601-52644,VR2W-112292,51.03855,4.1175,s-Dendermonde,2016-11-13T02:00:00Z,2016-11-13T02:01:00Z,2,60
2016-11-13,A69-1601-52644,VR2W-113521,51.04231,4.0945,s-4,2016-11-13T18:33:00Z,2016-11-13T18:33:00Z,1,30
2016-11-13,A69-1601-52644,VR2W-122363,51.03203,4.18166,s-4a,2016-11-13T09:00:00Z,2016-11-13T09:02:00Z,3,120
2016-11-13,A69-1601-52644,VR2W-112292,51.03855,4.1175,s-Dendermonde,2016-11-13T06:30:00Z,2016-11-13T06:39:00Z,6,540
2016-11-13,A69-1601-52644,VR2W-122363,51.03203,4.18166,s-4a,2016-11-13T21:22:00Z,2016-11-13T21:25:00Z,3,180
2016-11-13,A69-1601-52644,VR2W-113521,51.04231,4.0945,s-4,2016-11-13T05:49:00Z,2016-11-13T05:56:00Z,6,420
2016-11-13,A69-1601-52644,VR2W-122325,51.0434,4.04783,s-3,2016-11-13T03:28:00Z,2016-11-13T04:58:00Z,54,5400
2016-11-13,A69-1601-52644,VR2W-112292,51.03855,4.1175,s-Dendermonde,2016-11-13T19:03:00Z,2016-11-13T19:09:00Z,6,360
2016-11-13,A69-1601-52644,VR2W-122325,51.0434,4.04783,s-3,2016-11-13T17:19:00Z,2016-11-13T17:42:00Z,15,1380
2016-11-13,A69-1601-52644,VR2W-113521,51.04231,4.0945,s-4,2016-11-13T02:30:00Z,2016-11-13T02:31:00Z,2,60
2016-11-14,A69-1601-52644,VR2W-122325,51.0434,4.04783,s-3,2016-11-14T04:01:00Z,2016-11-14T05:44:00Z,38,6180
2016-11-14,A69-1601-52644,VR2W-122363,51.03203,4.18166,s-4a,2016-11-13T23:59:00Z,2016-11-14T00:18:00Z,9,1140
2016-11-14,A69-1601-52644,VR2W-122367,51.05593,4.20024,s-4b,2016-11-14T22:38:00Z,2016-11-14T23:51:00Z,31,4380
2016-11-14,A69-1601-52644,VR2W-113521,51.04231,4.0945,s-4,2016-11-14T06:36:00Z,2016-11-14T06:41:00Z,4,300
2016-11-14,A69-1601-52644,VR2W-115444,51.03955,4.16605,s-Vlassenbroek,2016-11-14T00:40:00Z,2016-11-14T00:40:00Z,1,30
2016-11-14,A69-1601-52644,VR2W-122363,51.03203,4.18166,s-4a,2016-11-14T12:23:00Z,2016-11-14T12:38:00Z,10,900
2016-11-14,A69-1601-52644,VR2W-112292,51.03855,4.1175,s-Dendermonde,2016-11-14T19:22:00Z,2016-11-14T19:37:00Z,8,900
2016-11-14,A69-1601-52644,VR2W-113521,51.04231,4.0945,s-4,2016-11-14T18:46:00Z,2016-11-14T18:47:00Z,2,60
2016-11-14,A69-1601-52644,VR2W-122367,51.05593,4.20024,s-4b,2016-11-14T10:30:00Z,2016-11-14T11:26:00Z,29,3360
2016-11-14,A69-1601-52644,VR2W-122363,51.03203,4.18166,s-4a,2016-11-14T09:42:00Z,2016-11-14T09:43:00Z,2,60
2016-11-14,A69-1601-52644,VR2W-113521,51.04231,4.0945,s-4,2016-11-14T03:05:00Z,2016-11-14T03:05:00Z,1,30
2016-11-14,A69-1601-52644,VR2W-115444,51.03955,4.16605,s-Vlassenbroek,2016-11-14T13:02:00Z,2016-11-14T13:02:00Z,1,30
2016-11-14,A69-1601-52644,VR2W-113521,51.04231,4.0945,s-4,2016-11-14T15:32:00Z,2016-11-14T15:32:00Z,1,30
2016-11-14,A69-1601-52644,VR2W-112292,51.03855,4.1175,s-Dendermonde,2016-11-14T07:14:00Z,2016-11-14T07:19:00Z,5,300
2016-11-14,A69-1601-52644,VR2W-112292,51.03855,4.1175,s-Dendermonde,2016-11-14T02:38:00Z,2016-11-14T02:39:00Z,2,60
2016-11-14,A69-1601-52644,VR2W-122325,51.0434,4.04783,s-3,2016-11-14T16:36:00Z,2016-11-14T17:46:00Z,48,4200
2016-11-14,A69-1601-52644,VR2W-122363,51.03203,4.18166,s-4a,2016-11-14T21:47:00Z,2016-11-14T21:50:00Z,3,180
2016-11-14,A69-1601-52644,VR2W-112292,51.03855,4.1175,s-Dendermonde,2016-11-14T15:04:00Z,2016-11-14T15:04:00Z,1,30
2016-11-15,A69-1601-52644,VR2W-122325,51.0434,4.04783,s-3,2016-11-15T04:34:00Z,2016-11-15T04:43:00Z,6,540
2016-11-15,A69-1601-52644,VR2W-122325,51.0434,4.04783,s-3,2016-11-15T19:58:00Z,2016-11-15T20:13:00Z,7,900
2016-11-15,A69-1601-52644,VR2W-122363,51.03203,4.18166,s-4a,2016-11-15T10:53:00Z,2016-11-15T10:57:00Z,3,240
2016-11-15,A69-1601-52644,VR2W-112292,51.03855,4.1175,s-Dendermonde,2016-11-15T08:38:00Z,2016-11-15T08:40:00Z,2,120
2016-11-15,A69-1601-52644,VR2W-122325,51.0434,4.04783,s-3,2016-11-15T06:41:00Z,2016-11-15T07:04:00Z,14,1380
2016-11-15,A69-1601-52644,VR2W-112292,51.03855,4.1175,s-Dendermonde,2016-11-15T21:35:00Z,2016-11-15T21:41:00Z,5,360
2016-11-15,A69-1601-52644,VR2W-113521,51.04231,4.0945,s-4,2016-11-15T07:56:00Z,2016-11-15T07:57:00Z,2,60
2016-11-15,A69-1601-52644,VR2W-115444,51.03955,4.16605,s-Vlassenbroek,2016-11-15T01:23:00Z,2016-11-15T01:23:00Z,1,30
2016-11-15,A69-1601-52644,VR2W-122363,51.03203,4.18166,s-4a,2016-11-15T00:44:00Z,2016-11-15T01:06:00Z,12,1320
2016-11-15,A69-1601-52644,VR2W-112292,51.03855,4.1175,s-Dendermonde,2016-11-15T03:14:00Z,2016-11-15T03:14:00Z,1,30
2016-11-15,A69-1601-52644,VR2W-113521,51.04231,4.0945,s-4,2016-11-15T20:59:00Z,2016-11-15T21:01:00Z,2,120
2016-11-15,A69-1601-52644,VR2W-122325,51.0434,4.04783,s-3,2016-11-15T16:36:00Z,2016-11-15T16:40:00Z,3,240
2016-11-15,A69-1601-52644,VR2W-122363,51.03203,4.18166,s-4a,2016-11-15T12:18:00Z,2016-11-15T12:37:00Z,11,1140
2016-11-15,A69-1601-52644,VR2W-115444,51.03955,4.16605,s-Vlassenbroek,2016-11-15T12:59:00Z,2016-11-15T12:59:00Z,1,30
2016-11-16,A69-1601-52644,VR2W-122325,51.0434,4.04783,s-3,2016-11-16T08:16:00Z,2016-11-16T08:23:00Z,5,420
2016-11-16,A69-1601-52644,VR2W-122325,51.0434,4.04783,s-3,2016-11-16T04:45:00Z,2016-11-16T04:48:00Z,3,180
2016-11-16,A69-1601-52644,VR2W-112292,51.03855,4.1175,s-Dendermonde,2016-11-16T16:14:00Z,2016-11-16T16:14:00Z,1,30
2016-11-16,A69-1601-52644,VR2W-112292,51.03855,4.1175,s-Dendermonde,2016-11-16T03:26:00Z,2016-11-16T03:27:00Z,2,60
2016-11-16,A69-1601-52644,VR2W-115444,51.03955,4.16605,s-Vlassenbroek,2016-11-16T00:43:00Z,2016-11-16T00:46:00Z,3,180
2016-11-16,A69-1601-52644,VR2W-112292,51.03855,4.1175,s-Dendermonde,2016-11-16T09:54:00Z,2016-11-16T09:58:00Z,4,240
2016-11-16,A69-1601-52644,VR2W-113521,51.04231,4.0945,s-4,2016-11-16T09:20:00Z,2016-11-16T09:23:00Z,3,180
2016-11-16,A69-1601-52644,VR2W-122363,51.03203,4.18166,s-4a,2016-11-16T12:10:00Z,2016-11-16T13:29:00Z,10,4740
2016-11-16,A69-1601-52644,VR2W-122363,51.03203,4.18166,s-4a,2016-11-15T23:54:00Z,2016-11-16T00:24:00Z,17,1800
2016-11-16,A69-1601-52644,VR2W-115444,51.03955,4.16605,s-Vlassenbroek,2016-11-16T13:51:00Z,2016-11-16T13:58:00Z,6,420
2016-11-16,A69-1601-52644,VR2W-113521,51.04231,4.0945,s-4,2016-11-16T20:28:00Z,2016-11-16T20:29:00Z,2,60
2016-11-16,A69-1601-52644,VR2W-122363,51.03203,4.18166,s-4a,2016-11-16T23:14:00Z,2016-11-16T23:16:00Z,2,120
2016-11-16,A69-1601-52644,VR2W-122325,51.0434,4.04783,s-3,2016-11-16T17:40:00Z,2016-11-16T18:04:00Z,13,1440
2016-11-16,A69-1601-52644,VR2W-113521,51.04231,4.0945,s-4,2016-11-16T03:56:00Z,2016-11-16T03:56:00Z,1,30
2016-11-16,A69-1601-52644,VR2W-113521,51.04231,4.0945,s-4,2016-11-16T16:41:00Z,2016-11-16T16:41:00Z,1,30
2016-11-16,A69-1601-52644,VR2W-122325,51.0434,4.04783,s-3,2016-11-16T19:06:00Z,2016-11-16T19:35:00Z,21,1740
2016-11-16,A69-1601-52644,VR2W-112292,51.03855,4.1175,s-Dendermonde,2016-11-16T21:01:00Z,2016-11-16T21:07:00Z,6,360
2016-11-17,A69-1601-52644,VR2W-113521,51.04231,4.0945,s-4,2016-11-17T05:12:00Z,2016-11-17T05:12:00Z,1,30
2016-11-17,A69-1601-52644,VR2W-113521,51.04231,4.0945,s-4,2016-11-17T09:01:00Z,2016-11-17T09:06:00Z,4,300
2016-11-17,A69-1601-52644,VR2W-122367,51.05593,4.20024,s-4b,2016-11-16T23:59:00Z,2016-11-17T01:13:00Z,18,4440
2016-11-17,A69-1601-52644,VR2W-122363,51.03203,4.18166,s-4a,2016-11-17T14:45:00Z,2016-11-17T15:04:00Z,15,1140
2016-11-17,A69-1601-52644,VR2W-122367,51.05593,4.20024,s-4b,2016-11-17T12:40:00Z,2016-11-17T13:38:00Z,22,3480
2016-11-17,A69-1601-52644,VR2W-122325,51.0434,4.04783,s-3,2016-11-17T18:45:00Z,2016-11-17T19:57:00Z,35,4320
2016-11-17,A69-1601-52644,VR2W-112292,51.03855,4.1175,s-Dendermonde,2016-11-17T04:44:00Z,2016-11-17T04:44:00Z,1,30
2016-11-17,A69-1601-52644,VR2W-122363,51.03203,4.18166,s-4a,2016-11-17T02:11:00Z,2016-11-17T02:30:00Z,13,1140
2016-11-17,A69-1601-52644,VR2W-122363,51.03203,4.18166,s-4a,2016-11-17T11:53:00Z,2016-11-17T11:53:00Z,1,30
2016-11-17,A69-1601-52644,VR2W-112292,51.03855,4.1175,s-Dendermonde,2016-11-17T17:11:00Z,2016-11-17T17:11:00Z,1,30
2016-11-17,A69-1601-52644,VR2W-115444,51.03955,4.16605,s-Vlassenbroek,2016-11-17T15:25:00Z,2016-11-17T15:25:00Z,1,30
2016-11-17,A69-1601-52644,VR2W-112292,51.03855,4.1175,s-Dendermonde,2016-11-17T21:22:00Z,2016-11-17T21:26:00Z,3,240
2016-11-17,A69-1601-52644,VR2W-112292,51.03855,4.1175,s-Dendermonde,2016-11-17T09:43:00Z,2016-11-17T09:46:00Z,3,180
2016-11-17,A69-1601-52644,VR2W-113521,51.04231,4.0945,s-4,2016-11-17T17:43:00Z,2016-11-17T17:44:00Z,2,60
2016-11-17,A69-1601-52644,VR2W-122325,51.0434,4.04783,s-3,2016-11-17T06:12:00Z,2016-11-17T08:05:00Z,33,6780
2016-11-17,A69-1601-52644,VR2W-113521,51.04231,4.0945,s-4,2016-11-17T20:47:00Z,2016-11-17T20:51:00Z,4,240
2016-11-17,A69-1601-52644,VR2W-115444,51.03955,4.16605,s-Vlassenbroek,2016-11-17T02:50:00Z,2016-11-17T02:50:00Z,1,30
2016-11-17,A69-1601-52644,VR2W-122363,51.03203,4.18166,s-4a,2016-11-17T23:28:00Z,2016-11-17T23:29:00Z,2,60
2016-11-18,A69-1601-52644,VR2W-112292,51.03855,4.1175,s-Dendermonde,2016-11-18T08:41:00Z,2016-11-18T08:48:00Z,5,420
2016-11-18,A69-1601-52644,VR2W-122367,51.05593,4.20024,s-4b,2016-11-18T11:36:00Z,2016-11-18T11:41:00Z,4,300
2016-11-18,A69-1601-52644,VR2W-122363,51.03203,4.18166,s-4a,2016-11-18T17:23:00Z,2016-11-18T17:23:00Z,1,30
2016-11-18,A69-1601-52644,VR2W-113521,51.04231,4.0945,s-4,2016-11-18T06:40:00Z,2016-11-18T08:09:00Z,27,5340
2016-11-18,A69-1601-52644,VR2W-112292,51.03855,4.1175,s-Dendermonde,2016-11-18T06:11:00Z,2016-11-18T06:18:00Z,5,420
2016-11-18,A69-1601-52644,VR2W-122367,51.05593,4.20024,s-4b,2016-11-18T22:01:00Z,2016-11-18T22:14:00Z,9,780
2016-11-18,A69-1601-52644,VR2W-122367,51.05593,4.20024,s-4b,2016-11-18T00:10:00Z,2016-11-18T00:15:00Z,4,300
2016-11-18,A69-1601-52644,VR2W-122363,51.03203,4.18166,s-4a,2016-11-18T21:15:00Z,2016-11-18T21:16:00Z,2,60
2016-11-18,A69-1601-52644,VR2W-122363,51.03203,4.18166,s-4a,2016-11-18T03:48:00Z,2016-11-18T04:11:00Z,14,1380
2016-11-18,A69-1601-52644,VR2W-122367,51.05593,4.20024,s-4b,2016-11-18T16:12:00Z,2016-11-18T16:42:00Z,15,1800
2016-11-18,A69-1601-52644,VR2W-122367,51.05593,4.20024,s-4b,2016-11-18T02:37:00Z,2016-11-18T02:53:00Z,8,960
2016-11-18,A69-1601-52644,VR2W-122336,51.07363,4.19007,s-4c,2016-11-18T12:10:00Z,2016-11-18T12:23:00Z,14,780
2016-11-18,A69-1601-52644,VR2W-115444,51.03955,4.16605,s-Vlassenbroek,2016-11-18T20:53:00Z,2016-11-18T20:53:00Z,1,30
2016-11-18,A69-1601-52644,VR2W-115430,51.09258,4.17083,s-5,2016-11-18T12:57:00Z,2016-11-18T12:57:00Z,1,30
2016-11-18,A69-1601-52644,VR2W-115430,51.09258,4.17083,s-5,2016-11-18T14:20:00Z,2016-11-18T14:33:00Z,7,780
2016-11-18,A69-1601-52644,VR2W-122336,51.07363,4.19007,s-4c,2016-11-18T15:23:00Z,2016-11-18T16:10:00Z,32,2820
2016-11-18,A69-1601-52644,VR2W-122336,51.07363,4.19007,s-4c,2016-11-18T00:50:00Z,2016-11-18T01:56:00Z,26,3960
2016-11-18,A69-1601-52644,VR2W-122336,51.07363,4.19007,s-4c,2016-11-18T22:43:00Z,2016-11-18T22:57:00Z,14,840
2016-11-19,A69-1601-52644,VR2W-115441,51.12287,4.2184,s-6,2016-11-19T02:53:00Z,2016-11-19T02:55:00Z,2,120
2016-11-19,A69-1601-52644,VR2W-122363,51.03203,4.18166,s-4a,2016-11-19T07:23:00Z,2016-11-19T08:02:00Z,27,2340
2016-11-19,A69-1601-52644,VR2W-122367,51.05593,4.20024,s-4b,2016-11-19T06:07:00Z,2016-11-19T06:22:00Z,9,900
2016-11-19,A69-1601-52644,VR2W-122363,51.03203,4.18166,s-4a,2016-11-19T20:20:00Z,2016-11-19T20:23:00Z,3,180
2016-11-19,A69-1601-52644,VR2W-115441,51.12287,4.2184,s-6,2016-11-19T23:39:00Z,2016-11-19T23:42:00Z,3,180
2016-11-19,A69-1601-52644,VR2W-122336,51.07363,4.19007,s-4c,2016-11-19T09:26:00Z,2016-11-19T09:52:00Z,17,1560
2016-11-19,A69-1601-52644,VR2W-122367,51.05593,4.20024,s-4b,2016-11-19T08:55:00Z,2016-11-19T09:10:00Z,9,900
2016-11-19,A69-1601-52644,VR2W-122336,51.07363,4.19007,s-4c,2016-11-19T05:16:00Z,2016-11-19T05:40:00Z,13,1440
2016-11-19,A69-1601-52644,VR2W-115441,51.12287,4.2184,s-6,2016-11-19T16:26:00Z,2016-11-19T16:29:00Z,3,180
2016-11-19,A69-1601-52644,VR2W-115442,51.11414,4.24123,s-7,2016-11-19T15:40:00Z,2016-11-19T16:03:00Z,9,1380
2016-11-19,A69-1601-52644,VR2W-115430,51.09258,4.17083,s-5,2016-11-19T10:29:00Z,2016-11-19T10:29:00Z,1,30
2016-11-19,A69-1601-52644,VR2W-115442,51.11414,4.24123,s-7,2016-11-19T12:06:00Z,2016-11-19T12:19:00Z,8,780
2016-11-19,A69-1601-52644,VR2W-122336,51.07363,4.19007,s-4c,2016-11-19T18:11:00Z,2016-11-19T18:26:00Z,18,900
2016-11-19,A69-1601-52644,VR2W-115442,51.11414,4.24123,s-7,2016-11-19T01:09:00Z,2016-11-19T02:33:00Z,12,5040
2016-11-19,A69-1601-52644,VR2W-115430,51.09258,4.17083,s-5,2016-11-19T17:44:00Z,2016-11-19T17:44:00Z,1,30
2016-11-19,A69-1601-52644,VR2W-122336,51.07363,4.19007,s-4c,2016-11-19T21:34:00Z,2016-11-19T22:10:00Z,26,2160
2016-11-19,A69-1601-52644,VR2W-115441,51.12287,4.2184,s-6,2016-11-19T11:38:00Z,2016-11-19T11:41:00Z,3,180
2016-11-19,A69-1601-52644,VR2W-115441,51.12287,4.2184,s-6,2016-11-19T00:41:00Z,2016-11-19T00:46:00Z,3,300
2016-11-19,A69-1601-52644,VR2W-122367,51.05593,4.20024,s-4b,2016-11-19T20:52:00Z,2016-11-19T21:31:00Z,14,2340
2016-11-19,A69-1601-52644,VR2W-115430,51.09258,4.17083,s-5,2016-11-19T04:48:00Z,2016-11-19T05:01:00Z,9,780
2016-11-19,A69-1601-52644,VR2W-115430,51.09258,4.17083,s-5,2016-11-19T22:36:00Z,2016-11-19T22:37:00Z,2,60
2016-11-19,A69-1601-52644,VR2W-122367,51.05593,4.20024,s-4b,2016-11-19T18:48:00Z,2016-11-19T19:09:00Z,13,1260
2016-11-20,A69-1601-52644,VR2W-122367,51.05593,4.20024,s-4b,2016-11-20T08:10:00Z,2016-11-20T08:10:00Z,1,30
2016-11-20,A69-1601-52644,VR2W-115430,51.09258,4.17083,s-5,2016-11-20T06:44:00Z,2016-11-20T06:46:00Z,3,120
2016-11-20,A69-1601-52644,VR2W-115441,51.12287,4.2184,s-6,2016-11-20T11:01:00Z,2016-11-20T11:01:00Z,1,30
2016-11-20,A69-1601-52644,VR2W-122339,51.07363,4.19007,s-4c,2016-11-20T09:03:00Z,2016-11-20T09:16:00Z,10,780
2016-11-20,A69-1601-52644,VR2W-115442,51.11414,4.24123,s-7,2016-11-20T11:25:00Z,2016-11-20T11:41:00Z,7,960
2016-11-20,A69-1601-52644,VR2W-115441,51.12287,4.2184,s-6,2016-11-20T05:38:00Z,2016-11-20T05:41:00Z,3,180
2016-11-20,A69-1601-52644,VR2W-122336,51.07363,4.19007,s-4c,2016-11-20T07:24:00Z,2016-11-20T07:40:00Z,15,960
2016-11-20,A69-1601-52644,VR2W-127719,51.14222,4.32646,s-8a,2016-11-20T01:40:00Z,2016-11-20T03:06:00Z,49,5160
2016-11-20,A69-1601-52644,VR2W-115430,51.09258,4.17083,s-5,2016-11-20T09:47:00Z,2016-11-20T09:54:00Z,4,420
2016-11-20,A69-1601-52644,VR2W-115442,51.11414,4.24123,s-7,2016-11-20T00:06:00Z,2016-11-20T00:18:00Z,6,720
2016-11-20,A69-1601-52644,VR2W-115442,51.11414,4.24123,s-7,2016-11-20T04:58:00Z,2016-11-20T05:24:00Z,10,1560
2016-11-21,A69-1601-52644,VR2W-115442,51.11414,4.24123,s-7,2016-11-21T23:34:00Z,2016-11-21T23:49:00Z,7,900
2016-11-21,A69-1601-52644,VR2W-115430,51.09258,4.17083,s-5,2016-11-21T20:59:00Z,2016-11-21T22:00:00Z,24,3660
2016-11-21,A69-1601-52644,VR2W-115441,51.12287,4.2184,s-6,2016-11-21T23:06:00Z,2016-11-21T23:08:00Z,2,120
2016-11-21,A69-1601-52644,VR2W-115442,51.11414,4.24123,s-7,2016-11-21T17:23:00Z,2016-11-21T17:30:00Z,4,420
2016-11-21,A69-1601-52644,VR2W-113528,51.19069,4.32954,s-9,2016-11-21T01:56:00Z,2016-11-21T03:41:00Z,53,6300
2016-11-21,A69-1601-52644,VR2W-127719,51.14222,4.32646,s-8a,2016-11-21T00:44:00Z,2016-11-21T00:58:00Z,15,840
2016-11-21,A69-1601-52644,VR2W-112295,51.14319,4.33078,s-8,2016-11-21T04:43:00Z,2016-11-21T04:59:00Z,12,960
2016-11-22,A69-1601-52644,VR2W-127719,51.14222,4.32646,s-8a,2016-11-22T01:15:00Z,2016-11-22T01:25:00Z,13,600
2016-11-22,A69-1601-52644,VR2W-127716,51.235423,4.396673,s-10a,2016-11-22T12:23:00Z,2016-11-22T12:35:00Z,6,720
2016-11-22,A69-1601-52644,VR2W-127738,51.19068,4.33602,s-9a,2016-11-22T02:25:00Z,2016-11-22T02:53:00Z,25,1680
2016-11-26,A69-1601-52644,VR2W-129566,51.352186,3.781008,ws-25A,2016-11-26T18:16:00Z,2016-11-26T18:16:00Z,1,30
2016-11-26,A69-1601-52644,VR2W-122346,51.3544901,3.795027,ws-16,2016-11-26T18:10:00Z,2016-11-26T18:11:00Z,3,60
2016-11-26,A69-1601-52644,VR2W-129566,51.352186,3.781008,ws-25A,2016-11-26T18:19:00Z,2016-11-26T18:19:00Z,1,30
2016-11-26,A69-1601-52644,VR2W-122346,51.3544901,3.795027,ws-16,2016-11-26T18:07:00Z,2016-11-26T18:08:00Z,3,60
2016-11-26,A69-1601-52644,VR2W-126202,51.3465544,3.800172,ws-25B,2016-11-26T17:40:00Z,2016-11-26T18:03:00Z,16,1380
2016-11-26,A69-1601-52644,VR2W-122346,51.3544901,3.795027,ws-16,2016-11-26T18:17:00Z,2016-11-26T18:18:00Z,3,60
2016-11-26,A69-1601-52644,VR2W-122346,51.3544901,3.795027,ws-16,2016-11-26T18:13:00Z,2016-11-26T18:15:00Z,5,120
2016-11-26,A69-1601-52644,VR2W-129566,51.352186,3.781008,ws-25A,2016-11-26T18:09:00Z,2016-11-26T18:09:00Z,1,30
2016-11-26,A69-1601-52644,VR2W-129566,51.352186,3.781008,ws-25A,2016-11-26T18:06:00Z,2016-11-26T18:06:00Z,1,30
2016-11-26,A69-1601-52644,VR2W-127734,51.40221,4.02998,ws-55,2016-11-26T03:23:00Z,2016-11-26T03:23:00Z,1,30
2016-11-26,A69-1601-52644,VR2W-115447,51.3482621,3.8147323,ws-18,2016-11-26T17:30:00Z,2016-11-26T17:34:00Z,4,240
2016-11-26,A69-1601-52644,VR2W-129566,51.352186,3.781008,ws-25A,2016-11-26T18:12:00Z,2016-11-26T18:12:00Z,1,30
2016-11-26,A69-1601-52644,VR2W-129566,51.352186,3.781008,ws-25A,2016-11-26T18:21:00Z,2016-11-26T22:59:00Z,106,16680
2016-11-26,A69-1601-52644,VR2W-122346,51.3544901,3.795027,ws-16,2016-11-26T18:05:00Z,2016-11-26T18:05:00Z,1,30
2016-11-26,A69-1601-52644,VR2W-122346,51.3544901,3.795027,ws-16,2016-11-26T18:20:00Z,2016-11-26T18:20:00Z,1,30
2016-11-26,A69-1601-52644,VR2W-129566,51.352186,3.781008,ws-25A,2016-11-26T18:04:00Z,2016-11-26T18:04:00Z,1,30
2016-11-27,A69-1601-52644,VR2W-123817,51.437785,3.470347,ws-TRAWL,2016-11-27T17:43:00Z,2016-11-27T18:00:00Z,12,1020
2016-11-27,A69-1601-52644,VR2W-115434,51.3552573,3.7609896,ws-23,2016-11-27T02:59:00Z,2016-11-27T02:59:00Z,1,30
2016-11-27,A69-1601-52644,VR2W-124071,51.3648799,3.765539,ws-12A,2016-11-27T03:04:00Z,2016-11-27T03:06:00Z,2,120
2016-11-27,A69-1601-52644,VR2W-120882,51.3970414,3.7153436,ws-4,2016-11-27T04:10:00Z,2016-11-27T04:23:00Z,7,780
2016-11-27,A69-1601-52644,VR2W-120876,51.4071859,3.7080883,ws-13,2016-11-27T04:28:00Z,2016-11-27T04:46:00Z,13,1080
2016-11-27,A69-1601-52644,VR2W-129566,51.352186,3.781008,ws-25A,2016-11-27T02:45:00Z,2016-11-27T02:55:00Z,6,600
2016-11-27,A69-1601-52644,VR2W-122346,51.3544901,3.795027,ws-16,2016-11-26T23:36:00Z,2016-11-27T02:41:00Z,29,11100
